source_id,relpath,filename,extension,size_bytes,sha256,pages,text_chars,image_only_likely,review_method,reviewed_for_design,copyright_restriction,production_ready,clinical_claim_revalidation,human_runtime_default,source_group,domain,trust_tier,runtime_policy,allowed_uses,prohibited_uses,notes
SRC-001,약사 자료(외부로만 가지고나가지말기 __ㅇ)/2026 근무약사 가이드북 복사본.pdf,2026 근무약사 가이드북 복사본.pdf,pdf,39514298,371d1f4519cfe004cbe9f33ac327a7c710f41a6621404da44f720f85cad6e102,37,45665,false,text_extraction_plus_visual_sampling,true,true,false,not_applicable,disabled_until_verified,pharmacy_operations,operations,X,admin_only,운영·인사·행정 기능을 별도 관리자 모듈에서 참고,"임상 상담 근거, 환자별 치료·약물 판단",임상 상담 코어와 완전히 분리한다.
SRC-002,약사 자료(외부로만 가지고나가지말기 __ㅇ)/OTC 상담시나리오 나눔.pdf,OTC 상담시나리오 나눔.pdf,pdf,870685,340d633f91edac573694763515d986ab41f429bb460c4a4157cff2b46ec9737a,35,8394,false,text_extraction_plus_visual_sampling,true,true,false,required,disabled_until_verified,otc_sales_scenarios,human_otc,D,quarantine,질문 순서·대화 패턴 후보를 약사 검토 후 재작성,"공격적 복합판매·업셀링, 임상 사실, 그대로의 멘트 재배포",판매 유도 표현이 임상 안전보다 앞서는 부분이 있어 직접 사용 금지.
SRC-003,약사 자료(외부로만 가지고나가지말기 __ㅇ)/[박약다식]새내기 약사님들을 위한 OTC 초간단 정리본 240219.pdf,[박약다식]새내기 약사님들을 위한 OTC 초간단 정리본 240219.pdf,pdf,9119849,43b429424c056911a3c31d63d7b76933e770cea72b463a3a619d40c43feaa6da,28,702,true,all_pages_visual_review_image_only_pdf,true,true,false,required,disabled_until_verified,otc_quick_reference,human_otc,C,candidate_only,"OTC 카테고리 구조, 현장 질문, 상담 흐름 후보",검증 전 용량·연령·임부·금기·상호작용을 운영 답변으로 사용,실무 구조 가치는 높으나 현재 허가사항·공식 기준과 항목별 대조 필요.
SRC-004,약사 자료(외부로만 가지고나가지말기 __ㅇ)/[학회]팜뉴트리션/카르니틴 정리(팜뉴트리션).pdf,카르니틴 정리(팜뉴트리션).pdf,pdf,771055,b9b893b0335c71f1ad3bc3da4307c401a24208be37d86c777714d3f1308ee01d,4,9877,false,text_extraction_plus_visual_sampling,true,true,false,required,disabled_until_verified,nutrition_education,supplement,C,candidate_only_separate_mode,영양성분 설명 후보와 질문 항목,"질환 치료 표현, 과장 효능, 검증 전 복용량·상호작용","건기식 모드에서만, 공식 기준과 근거 검토 후 사용."
SRC-005,약사 자료(외부로만 가지고나가지말기 __ㅇ)/[학회]팜뉴트리션/칼슘정리(팜뉴트리션).pdf,칼슘정리(팜뉴트리션).pdf,pdf,707807,53144702226d3c9f9f6329c36807aa0ef3955ee93fe77dbaacaf9e9db95c7f57,16,17277,false,text_extraction_plus_visual_sampling,true,true,false,required,disabled_until_verified,nutrition_education,supplement,C,candidate_only_separate_mode,영양성분 설명 후보와 질문 항목,"질환 치료 표현, 과장 효능, 검증 전 복용량·상호작용","건기식 모드에서만, 공식 기준과 근거 검토 후 사용."
SRC-006,약사 자료(외부로만 가지고나가지말기 __ㅇ)/[학회]팜뉴트리션/피크노제놀 정리(팜뉴트리션).pdf,피크노제놀 정리(팜뉴트리션).pdf,pdf,105124,2ea6229b1a8053a0a36776de55fb2be040f3ce484641f8b759319a87b96e183e,4,4464,false,text_extraction_plus_visual_sampling,true,true,false,required,disabled_until_verified,nutrition_education,supplement,C,candidate_only_separate_mode,영양성분 설명 후보와 질문 항목,"질환 치료 표현, 과장 효능, 검증 전 복용량·상호작용","건기식 모드에서만, 공식 기준과 근거 검토 후 사용."
SRC-007,약사 자료(외부로만 가지고나가지말기 __ㅇ)/[학회약]NQNA/2025 NQNA 14주차_생김새 속 건강신호 2.pdf,2025 NQNA 14주차_생김새 속 건강신호 2.pdf,pdf,6086856,7f27ab64bc074a3dd3f125e9762f3c5c04e0d3a4fbff57f45781ea04a640353b,12,15448,false,text_extraction_plus_visual_sampling,true,true,false,required,disabled_until_verified,nqna_health_signs,supplement_nonstandard,X,excluded,연구·감사 목적으로 출처 존재만 기록,"외형·체질을 근거로 질환 또는 영양 결핍을 추정, 제품 추천",생김새·체질 기반 추론은 임상 런타임에서 차단.
SRC-008,약사 자료(외부로만 가지고나가지말기 __ㅇ)/[학회약]NQNA/2025 NQNA 14주차_생김새 속 건강신호1.pdf,2025 NQNA 14주차_생김새 속 건강신호1.pdf,pdf,6720226,770ed78303815b93b767e981e7e896f60d06723b3fe17b799c15b213ccf0262a,13,16134,false,text_extraction_plus_visual_sampling,true,true,false,required,disabled_until_verified,nqna_health_signs,supplement_nonstandard,X,excluded,연구·감사 목적으로 출처 존재만 기록,"외형·체질을 근거로 질환 또는 영양 결핍을 추정, 제품 추천",생김새·체질 기반 추론은 임상 런타임에서 차단.
SRC-009,약사 자료(외부로만 가지고나가지말기 __ㅇ)/[학회약]NQNA/2025 NQNA 1주~6주차 통합본.pdf,2025 NQNA 1주~6주차 통합본.pdf,pdf,2629394,36a911e509e73b8bd743d188dac8b352421ca0fc2e5a9fd5ec2c71248fe8ce09,44,40556,false,text_extraction_plus_visual_sampling,true,true,false,required,disabled_until_verified,nqna_health_signs,supplement_nonstandard,X,excluded,연구·감사 목적으로 출처 존재만 기록,"외형·체질을 근거로 질환 또는 영양 결핍을 추정, 제품 추천",생김새·체질 기반 추론은 임상 런타임에서 차단.
SRC-010,약사 자료(외부로만 가지고나가지말기 __ㅇ)/[학회약]NQNA/2025 NQNA 7주~11주차 통합본.pdf,2025 NQNA 7주~11주차 통합본.pdf,pdf,10354713,67c225575850a434d5b01a97e4de9e332cb41b42daa02563b9723441fd92858c,56,50904,false,text_extraction_plus_visual_sampling,true,true,false,required,disabled_until_verified,nqna_health_signs,supplement_nonstandard,X,excluded,연구·감사 목적으로 출처 존재만 기록,"외형·체질을 근거로 질환 또는 영양 결핍을 추정, 제품 추천",생김새·체질 기반 추론은 임상 런타임에서 차단.
SRC-011,약사 자료(외부로만 가지고나가지말기 __ㅇ)/[학회약]NQNA/2025 NQNA 학술자료 12주차_나눔.pdf,2025 NQNA 학술자료 12주차_나눔.pdf,pdf,801610,0422bad5cba48a9018bc32aba3d086edbf76572728195a96619ba7ffe7271f98,14,14641,false,text_extraction_plus_visual_sampling,true,true,false,required,disabled_until_verified,nqna_health_signs,supplement_nonstandard,X,excluded,연구·감사 목적으로 출처 존재만 기록,"외형·체질을 근거로 질환 또는 영양 결핍을 추정, 제품 추천",생김새·체질 기반 추론은 임상 런타임에서 차단.
SRC-012,약사 자료(외부로만 가지고나가지말기 __ㅇ)/[학회약]셀메드/KakaoTalk_20240703_091025266.jpg,KakaoTalk_20240703_091025266.jpg,jpg,53504,5ce3e6d31b2361f35ab02533c5d0b52dc0d2fb512089dd0f5f79b9b7b3ecf86a,,,,visual_contact_sheet_review,true,true,false,required,disabled_until_verified,cellmed_images,product_marketing,D,metadata_only,내부 제품명·진열·카테고리 메타데이터 후보,"임상 근거, 환자 상태 추정, 복합판매·매출 유도 문구",제품·판촉·POP 성격이 강해 임상 사실 소스로 사용하지 않는다.
SRC-013,약사 자료(외부로만 가지고나가지말기 __ㅇ)/[학회약]셀메드/KakaoTalk_20240703_091025266_01.jpg,KakaoTalk_20240703_091025266_01.jpg,jpg,135581,b37be20e205140670aba3828e6a314df3a01f2373d407d13d70b13fff84df5b8,,,,visual_contact_sheet_review,true,true,false,required,disabled_until_verified,cellmed_images,product_marketing,D,metadata_only,내부 제품명·진열·카테고리 메타데이터 후보,"임상 근거, 환자 상태 추정, 복합판매·매출 유도 문구",제품·판촉·POP 성격이 강해 임상 사실 소스로 사용하지 않는다.
SRC-014,약사 자료(외부로만 가지고나가지말기 __ㅇ)/[학회약]셀메드/KakaoTalk_20240703_091025266_02.jpg,KakaoTalk_20240703_091025266_02.jpg,jpg,136090,5a6c27e2c2101fbff37b9cea110b6a9dc6d303a6fefa4748ff3c7949fa9a0e57,,,,visual_contact_sheet_review,true,true,false,required,disabled_until_verified,cellmed_images,product_marketing,D,metadata_only,내부 제품명·진열·카테고리 메타데이터 후보,"임상 근거, 환자 상태 추정, 복합판매·매출 유도 문구",제품·판촉·POP 성격이 강해 임상 사실 소스로 사용하지 않는다.
SRC-015,약사 자료(외부로만 가지고나가지말기 __ㅇ)/[학회약]셀메드/KakaoTalk_20240703_091025266_03.jpg,KakaoTalk_20240703_091025266_03.jpg,jpg,98295,470dd8420c85503d595d982dbd00ae770b5ccc43546a6439fdc9887ccb5d498b,,,,visual_contact_sheet_review,true,true,false,required,disabled_until_verified,cellmed_images,product_marketing,D,metadata_only,내부 제품명·진열·카테고리 메타데이터 후보,"임상 근거, 환자 상태 추정, 복합판매·매출 유도 문구",제품·판촉·POP 성격이 강해 임상 사실 소스로 사용하지 않는다.
SRC-016,약사 자료(외부로만 가지고나가지말기 __ㅇ)/[학회약]셀메드/KakaoTalk_20240703_091025266_04.jpg,KakaoTalk_20240703_091025266_04.jpg,jpg,184296,326329f797ae8cd68aee46fb9b8b2c61d07a9353d16f8b624ab3f6b15d5a0588,,,,visual_contact_sheet_review,true,true,false,required,disabled_until_verified,cellmed_images,product_marketing,D,metadata_only,내부 제품명·진열·카테고리 메타데이터 후보,"임상 근거, 환자 상태 추정, 복합판매·매출 유도 문구",제품·판촉·POP 성격이 강해 임상 사실 소스로 사용하지 않는다.
SRC-017,약사 자료(외부로만 가지고나가지말기 __ㅇ)/[학회약]셀메드/KakaoTalk_20240703_091025266_05.jpg,KakaoTalk_20240703_091025266_05.jpg,jpg,124481,c3eab812bd53af15a803df9bed0f532c6b019dde0b491cf20b8c86d8c28d2d34,,,,visual_contact_sheet_review,true,true,false,required,disabled_until_verified,cellmed_images,product_marketing,D,metadata_only,내부 제품명·진열·카테고리 메타데이터 후보,"임상 근거, 환자 상태 추정, 복합판매·매출 유도 문구",제품·판촉·POP 성격이 강해 임상 사실 소스로 사용하지 않는다.
SRC-018,약사 자료(외부로만 가지고나가지말기 __ㅇ)/[학회약]셀메드/KakaoTalk_20240703_091025266_06.jpg,KakaoTalk_20240703_091025266_06.jpg,jpg,130109,f28eb79cae99a2e154507a09774eae1ec92312a46bd765ddcfeca76b52131fcc,,,,visual_contact_sheet_review,true,true,false,required,disabled_until_verified,cellmed_images,product_marketing,D,metadata_only,내부 제품명·진열·카테고리 메타데이터 후보,"임상 근거, 환자 상태 추정, 복합판매·매출 유도 문구",제품·판촉·POP 성격이 강해 임상 사실 소스로 사용하지 않는다.
SRC-019,약사 자료(외부로만 가지고나가지말기 __ㅇ)/[학회약]셀메드/KakaoTalk_20240703_091025266_07.jpg,KakaoTalk_20240703_091025266_07.jpg,jpg,184569,213023ed5d89e9b61a921628ecba9fa05a2a3d3f6655f94b712ac4e3f90e42f4,,,,visual_contact_sheet_review,true,true,false,required,disabled_until_verified,cellmed_images,product_marketing,D,metadata_only,내부 제품명·진열·카테고리 메타데이터 후보,"임상 근거, 환자 상태 추정, 복합판매·매출 유도 문구",제품·판촉·POP 성격이 강해 임상 사실 소스로 사용하지 않는다.
SRC-020,약사 자료(외부로만 가지고나가지말기 __ㅇ)/[학회약]셀메드/KakaoTalk_20240703_091025266_08.jpg,KakaoTalk_20240703_091025266_08.jpg,jpg,185951,9e5ae7e0a84b4038afc3bb89bc578a4023675280f231b4ace4ca4a9145343cdf,,,,visual_contact_sheet_review,true,true,false,required,disabled_until_verified,cellmed_images,product_marketing,D,metadata_only,내부 제품명·진열·카테고리 메타데이터 후보,"임상 근거, 환자 상태 추정, 복합판매·매출 유도 문구",제품·판촉·POP 성격이 강해 임상 사실 소스로 사용하지 않는다.
SRC-021,약사 자료(외부로만 가지고나가지말기 __ㅇ)/[학회약]셀메드/KakaoTalk_20240703_091025266_09.jpg,KakaoTalk_20240703_091025266_09.jpg,jpg,214341,50571b3ca1c22464d4cd6d43f704a7af2961a2ec9a64e28c32195d36956aa61c,,,,visual_contact_sheet_review,true,true,false,required,disabled_until_verified,cellmed_images,product_marketing,D,metadata_only,내부 제품명·진열·카테고리 메타데이터 후보,"임상 근거, 환자 상태 추정, 복합판매·매출 유도 문구",제품·판촉·POP 성격이 강해 임상 사실 소스로 사용하지 않는다.
SRC-022,약사 자료(외부로만 가지고나가지말기 __ㅇ)/[학회약]셀메드/KakaoTalk_20240703_091025266_10.jpg,KakaoTalk_20240703_091025266_10.jpg,jpg,243053,914a11b933f159749d8ae225d33df41b0942a401d5e997c1e09c0936ca337a14,,,,visual_contact_sheet_review,true,true,false,required,disabled_until_verified,cellmed_images,product_marketing,D,metadata_only,내부 제품명·진열·카테고리 메타데이터 후보,"임상 근거, 환자 상태 추정, 복합판매·매출 유도 문구",제품·판촉·POP 성격이 강해 임상 사실 소스로 사용하지 않는다.
SRC-023,약사 자료(외부로만 가지고나가지말기 __ㅇ)/[학회약]셀메드/KakaoTalk_20240703_091025266_11.jpg,KakaoTalk_20240703_091025266_11.jpg,jpg,210008,eb9108da3495c123e205e1dfe1e5d6ac11f1876bbce2a160a78483b179a57727,,,,visual_contact_sheet_review,true,true,false,required,disabled_until_verified,cellmed_images,product_marketing,D,metadata_only,내부 제품명·진열·카테고리 메타데이터 후보,"임상 근거, 환자 상태 추정, 복합판매·매출 유도 문구",제품·판촉·POP 성격이 강해 임상 사실 소스로 사용하지 않는다.
SRC-024,약사 자료(외부로만 가지고나가지말기 __ㅇ)/[학회약]셀메드/KakaoTalk_20240703_091025266_12.jpg,KakaoTalk_20240703_091025266_12.jpg,jpg,249916,5cd590b7ddeb3e1e5483c16a12d65fa5f8327889ed68a0c7d30e939ee0e7fd22,,,,visual_contact_sheet_review,true,true,false,required,disabled_until_verified,cellmed_images,product_marketing,D,metadata_only,내부 제품명·진열·카테고리 메타데이터 후보,"임상 근거, 환자 상태 추정, 복합판매·매출 유도 문구",제품·판촉·POP 성격이 강해 임상 사실 소스로 사용하지 않는다.
SRC-025,약사 자료(외부로만 가지고나가지말기 __ㅇ)/[학회약]셀메드/KakaoTalk_20240703_091025266_13.jpg,KakaoTalk_20240703_091025266_13.jpg,jpg,231674,88f6fee6a2774e2d1db5e042cc458d29c202e5eeec45214f10eaf83404c05826,,,,visual_contact_sheet_review,true,true,false,required,disabled_until_verified,cellmed_images,product_marketing,D,metadata_only,내부 제품명·진열·카테고리 메타데이터 후보,"임상 근거, 환자 상태 추정, 복합판매·매출 유도 문구",제품·판촉·POP 성격이 강해 임상 사실 소스로 사용하지 않는다.
SRC-026,약사 자료(외부로만 가지고나가지말기 __ㅇ)/[학회약]셀메드/KakaoTalk_20240703_091025266_14.jpg,KakaoTalk_20240703_091025266_14.jpg,jpg,125297,8f46d33e5993fc39916762e06ae1e4d838d9bf861bde38f5ca4b372baa913921,,,,visual_contact_sheet_review,true,true,false,required,disabled_until_verified,cellmed_images,product_marketing,D,metadata_only,내부 제품명·진열·카테고리 메타데이터 후보,"임상 근거, 환자 상태 추정, 복합판매·매출 유도 문구",제품·판촉·POP 성격이 강해 임상 사실 소스로 사용하지 않는다.
SRC-027,약사 자료(외부로만 가지고나가지말기 __ㅇ)/[학회약]셀메드/KakaoTalk_20240703_091025266_15.jpg,KakaoTalk_20240703_091025266_15.jpg,jpg,331113,377d7db252e477555b09efb3b52b834607da72e01191603a0df066f59f1aeb5c,,,,visual_contact_sheet_review,true,true,false,required,disabled_until_verified,cellmed_images,product_marketing,D,metadata_only,내부 제품명·진열·카테고리 메타데이터 후보,"임상 근거, 환자 상태 추정, 복합판매·매출 유도 문구",제품·판촉·POP 성격이 강해 임상 사실 소스로 사용하지 않는다.
SRC-028,약사 자료(외부로만 가지고나가지말기 __ㅇ)/[학회약]셀메드/KakaoTalk_20240703_091025266_16.jpg,KakaoTalk_20240703_091025266_16.jpg,jpg,131244,b31d31c79914d5f397e323080358493c5018ea1568c7e6ec151c37c081667b1d,,,,visual_contact_sheet_review,true,true,false,required,disabled_until_verified,cellmed_images,product_marketing,D,metadata_only,내부 제품명·진열·카테고리 메타데이터 후보,"임상 근거, 환자 상태 추정, 복합판매·매출 유도 문구",제품·판촉·POP 성격이 강해 임상 사실 소스로 사용하지 않는다.
SRC-029,약사 자료(외부로만 가지고나가지말기 __ㅇ)/[학회약]셀메드/KakaoTalk_20240703_091025266_17.jpg,KakaoTalk_20240703_091025266_17.jpg,jpg,261366,6ba94ed11ae3f932660fca4c102030a3c4cd1414dc8373b56b7dc7faa77b63fa,,,,visual_contact_sheet_review,true,true,false,required,disabled_until_verified,cellmed_images,product_marketing,D,metadata_only,내부 제품명·진열·카테고리 메타데이터 후보,"임상 근거, 환자 상태 추정, 복합판매·매출 유도 문구",제품·판촉·POP 성격이 강해 임상 사실 소스로 사용하지 않는다.
SRC-030,약사 자료(외부로만 가지고나가지말기 __ㅇ)/[학회약]셀메드/KakaoTalk_20240703_091025266_18.jpg,KakaoTalk_20240703_091025266_18.jpg,jpg,219366,7a8a6af2ad1660254fea5b3fff4e0c5668a4a07f67a9328a8fc7fbb36b0d577c,,,,visual_contact_sheet_review,true,true,false,required,disabled_until_verified,cellmed_images,product_marketing,D,metadata_only,내부 제품명·진열·카테고리 메타데이터 후보,"임상 근거, 환자 상태 추정, 복합판매·매출 유도 문구",제품·판촉·POP 성격이 강해 임상 사실 소스로 사용하지 않는다.
SRC-031,약사 자료(외부로만 가지고나가지말기 __ㅇ)/[학회약]셀메드/KakaoTalk_20240703_091025266_19.jpg,KakaoTalk_20240703_091025266_19.jpg,jpg,229693,11690178eb242d01150b4eea264f4f91d1d8fd1a057a698e6405285448e5247b,,,,visual_contact_sheet_review,true,true,false,required,disabled_until_verified,cellmed_images,product_marketing,D,metadata_only,내부 제품명·진열·카테고리 메타데이터 후보,"임상 근거, 환자 상태 추정, 복합판매·매출 유도 문구",제품·판촉·POP 성격이 강해 임상 사실 소스로 사용하지 않는다.
SRC-032,약사 자료(외부로만 가지고나가지말기 __ㅇ)/[학회약]셀메드/KakaoTalk_20240703_091025266_20.jpg,KakaoTalk_20240703_091025266_20.jpg,jpg,222957,598ecd9aa38984ea6a0da052e42be194aa9bac1fceaec794a61829f761ac4adc,,,,visual_contact_sheet_review,true,true,false,required,disabled_until_verified,cellmed_images,product_marketing,D,metadata_only,내부 제품명·진열·카테고리 메타데이터 후보,"임상 근거, 환자 상태 추정, 복합판매·매출 유도 문구",제품·판촉·POP 성격이 강해 임상 사실 소스로 사용하지 않는다.
SRC-033,약사 자료(외부로만 가지고나가지말기 __ㅇ)/[학회약]셀메드/KakaoTalk_20240703_091025266_21.jpg,KakaoTalk_20240703_091025266_21.jpg,jpg,237485,47ede00b1e0a4b36d22418bab323dbf623eacc8e89f2c6dcff543d9454d3dca9,,,,visual_contact_sheet_review,true,true,false,required,disabled_until_verified,cellmed_images,product_marketing,D,metadata_only,내부 제품명·진열·카테고리 메타데이터 후보,"임상 근거, 환자 상태 추정, 복합판매·매출 유도 문구",제품·판촉·POP 성격이 강해 임상 사실 소스로 사용하지 않는다.
SRC-034,약사 자료(외부로만 가지고나가지말기 __ㅇ)/[학회약]셀메드/KakaoTalk_20240703_091025266_22.jpg,KakaoTalk_20240703_091025266_22.jpg,jpg,219875,9afcecf1cb6de5d7e27c535386f5510afbabb3b2ab422ebb6d336579d44377bd,,,,visual_contact_sheet_review,true,true,false,required,disabled_until_verified,cellmed_images,product_marketing,D,metadata_only,내부 제품명·진열·카테고리 메타데이터 후보,"임상 근거, 환자 상태 추정, 복합판매·매출 유도 문구",제품·판촉·POP 성격이 강해 임상 사실 소스로 사용하지 않는다.
SRC-035,약사 자료(외부로만 가지고나가지말기 __ㅇ)/[학회약]셀메드/KakaoTalk_20240703_091025266_23.jpg,KakaoTalk_20240703_091025266_23.jpg,jpg,211198,6f2f289f436071f2279df94b065bf8156324380046ac6b7ce18f9df4cab2420e,,,,visual_contact_sheet_review,true,true,false,required,disabled_until_verified,cellmed_images,product_marketing,D,metadata_only,내부 제품명·진열·카테고리 메타데이터 후보,"임상 근거, 환자 상태 추정, 복합판매·매출 유도 문구",제품·판촉·POP 성격이 강해 임상 사실 소스로 사용하지 않는다.
SRC-036,약사 자료(외부로만 가지고나가지말기 __ㅇ)/[학회약]셀메드/KakaoTalk_20240703_091025266_24.jpg,KakaoTalk_20240703_091025266_24.jpg,jpg,246112,96860407963ee60b8386abcde952bb0081452f8fc3e0ac32b53531fc3892d750,,,,visual_contact_sheet_review,true,true,false,required,disabled_until_verified,cellmed_images,product_marketing,D,metadata_only,내부 제품명·진열·카테고리 메타데이터 후보,"임상 근거, 환자 상태 추정, 복합판매·매출 유도 문구",제품·판촉·POP 성격이 강해 임상 사실 소스로 사용하지 않는다.
SRC-037,약사 자료(외부로만 가지고나가지말기 __ㅇ)/[학회약]셀메드/KakaoTalk_20240703_091025266_25.jpg,KakaoTalk_20240703_091025266_25.jpg,jpg,158992,b39f19a3e23a4073aa5de8baa0e54809a4ef4588dc90c9b020dde00718c18cb9,,,,visual_contact_sheet_review,true,true,false,required,disabled_until_verified,cellmed_images,product_marketing,D,metadata_only,내부 제품명·진열·카테고리 메타데이터 후보,"임상 근거, 환자 상태 추정, 복합판매·매출 유도 문구",제품·판촉·POP 성격이 강해 임상 사실 소스로 사용하지 않는다.
SRC-038,약사 자료(외부로만 가지고나가지말기 __ㅇ)/[학회약]셀메드/KakaoTalk_20240703_091025266_26.jpg,KakaoTalk_20240703_091025266_26.jpg,jpg,328844,c755f940123392f94d1809947c91324057989b11b18baecfaaca7b1cd80c43fe,,,,visual_contact_sheet_review,true,true,false,required,disabled_until_verified,cellmed_images,product_marketing,D,metadata_only,내부 제품명·진열·카테고리 메타데이터 후보,"임상 근거, 환자 상태 추정, 복합판매·매출 유도 문구",제품·판촉·POP 성격이 강해 임상 사실 소스로 사용하지 않는다.
SRC-039,약사 자료(외부로만 가지고나가지말기 __ㅇ)/[학회약]셀메드/KakaoTalk_20240703_091025266_27.jpg,KakaoTalk_20240703_091025266_27.jpg,jpg,333250,694914ab83b3d7a3858b025d37fcd7d479524ce3199fc54c0e0f5c07c2eea0b6,,,,visual_contact_sheet_review,true,true,false,required,disabled_until_verified,cellmed_images,product_marketing,D,metadata_only,내부 제품명·진열·카테고리 메타데이터 후보,"임상 근거, 환자 상태 추정, 복합판매·매출 유도 문구",제품·판촉·POP 성격이 강해 임상 사실 소스로 사용하지 않는다.
SRC-040,약사 자료(외부로만 가지고나가지말기 __ㅇ)/[학회약]셀메드/KakaoTalk_20240703_091025266_28.jpg,KakaoTalk_20240703_091025266_28.jpg,jpg,305817,21dcc93b0c4a40790209e9a70e3111b0bbffd35a5f2d384e96ce4fc23503be8f,,,,visual_contact_sheet_review,true,true,false,required,disabled_until_verified,cellmed_images,product_marketing,D,metadata_only,내부 제품명·진열·카테고리 메타데이터 후보,"임상 근거, 환자 상태 추정, 복합판매·매출 유도 문구",제품·판촉·POP 성격이 강해 임상 사실 소스로 사용하지 않는다.
SRC-041,약사 자료(외부로만 가지고나가지말기 __ㅇ)/[학회약]셀메드/KakaoTalk_20240703_091055256.jpg,KakaoTalk_20240703_091055256.jpg,jpg,93156,3bb32d594aab7b1282c6e954f829b814940226f717668619404973d0b37c8874,,,,visual_contact_sheet_review,true,true,false,required,disabled_until_verified,cellmed_images,product_marketing,D,metadata_only,내부 제품명·진열·카테고리 메타데이터 후보,"임상 근거, 환자 상태 추정, 복합판매·매출 유도 문구",제품·판촉·POP 성격이 강해 임상 사실 소스로 사용하지 않는다.
SRC-042,약사 자료(외부로만 가지고나가지말기 __ㅇ)/[학회약]셀메드/KakaoTalk_20240703_091055256_01.jpg,KakaoTalk_20240703_091055256_01.jpg,jpg,456908,83d767d25216075f8e791d33e093d5b3a1a382ea74227bfe682d8939a7fca1e2,,,,visual_contact_sheet_review,true,true,false,required,disabled_until_verified,cellmed_images,product_marketing,D,metadata_only,내부 제품명·진열·카테고리 메타데이터 후보,"임상 근거, 환자 상태 추정, 복합판매·매출 유도 문구",제품·판촉·POP 성격이 강해 임상 사실 소스로 사용하지 않는다.
SRC-043,약사 자료(외부로만 가지고나가지말기 __ㅇ)/[학회약]셀메드/KakaoTalk_20240703_091055256_02.jpg,KakaoTalk_20240703_091055256_02.jpg,jpg,147783,9beea6f0f2a25020573e9e0ab3640c0ba58aa5d64ad2acea4614a39ec3d816ba,,,,visual_contact_sheet_review,true,true,false,required,disabled_until_verified,cellmed_images,product_marketing,D,metadata_only,내부 제품명·진열·카테고리 메타데이터 후보,"임상 근거, 환자 상태 추정, 복합판매·매출 유도 문구",제품·판촉·POP 성격이 강해 임상 사실 소스로 사용하지 않는다.
SRC-044,약사 자료(외부로만 가지고나가지말기 __ㅇ)/[학회약]셀메드/KakaoTalk_20240703_091055256_03.jpg,KakaoTalk_20240703_091055256_03.jpg,jpg,149297,3eabed3a01b4bdddcb4879e0de95a3adc8884a0298f7a2689ec2d88a72559777,,,,visual_contact_sheet_review,true,true,false,required,disabled_until_verified,cellmed_images,product_marketing,D,metadata_only,내부 제품명·진열·카테고리 메타데이터 후보,"임상 근거, 환자 상태 추정, 복합판매·매출 유도 문구",제품·판촉·POP 성격이 강해 임상 사실 소스로 사용하지 않는다.
SRC-045,약사 자료(외부로만 가지고나가지말기 __ㅇ)/[학회약]셀메드/KakaoTalk_20240703_091055256_04.jpg,KakaoTalk_20240703_091055256_04.jpg,jpg,353920,e0d6a2473a2c7b97203866617d4de7f38536dc5cc33734e3313eb6b3ba4e7e66,,,,visual_contact_sheet_review,true,true,false,required,disabled_until_verified,cellmed_images,product_marketing,D,metadata_only,내부 제품명·진열·카테고리 메타데이터 후보,"임상 근거, 환자 상태 추정, 복합판매·매출 유도 문구",제품·판촉·POP 성격이 강해 임상 사실 소스로 사용하지 않는다.
SRC-046,약사 자료(외부로만 가지고나가지말기 __ㅇ)/[학회약]셀메드/KakaoTalk_20240703_091055256_05.jpg,KakaoTalk_20240703_091055256_05.jpg,jpg,421299,411b5fe1b12a8134097c62785602e6eaa1eb33bc55c53bd2764aa5508c98ed8b,,,,visual_contact_sheet_review,true,true,false,required,disabled_until_verified,cellmed_images,product_marketing,D,metadata_only,내부 제품명·진열·카테고리 메타데이터 후보,"임상 근거, 환자 상태 추정, 복합판매·매출 유도 문구",제품·판촉·POP 성격이 강해 임상 사실 소스로 사용하지 않는다.
SRC-047,약사 자료(외부로만 가지고나가지말기 __ㅇ)/[학회약]셀메드/KakaoTalk_20240703_091055256_06.jpg,KakaoTalk_20240703_091055256_06.jpg,jpg,335555,9063f1d203fd24036e3394a6add97c8a86be53d276efeb492f5ea26babcd3c51,,,,visual_contact_sheet_review,true,true,false,required,disabled_until_verified,cellmed_images,product_marketing,D,metadata_only,내부 제품명·진열·카테고리 메타데이터 후보,"임상 근거, 환자 상태 추정, 복합판매·매출 유도 문구",제품·판촉·POP 성격이 강해 임상 사실 소스로 사용하지 않는다.
SRC-048,약사 자료(외부로만 가지고나가지말기 __ㅇ)/[학회약]셀메드/KakaoTalk_20240703_091055256_07.jpg,KakaoTalk_20240703_091055256_07.jpg,jpg,355891,da721821d8ed91c304b375a8a8747d0b9d1f184e38b2573c18fe52647fabd4e1,,,,visual_contact_sheet_review,true,true,false,required,disabled_until_verified,cellmed_images,product_marketing,D,metadata_only,내부 제품명·진열·카테고리 메타데이터 후보,"임상 근거, 환자 상태 추정, 복합판매·매출 유도 문구",제품·판촉·POP 성격이 강해 임상 사실 소스로 사용하지 않는다.
SRC-049,약사 자료(외부로만 가지고나가지말기 __ㅇ)/[학회약]셀메드/KakaoTalk_20240703_091055256_08.jpg,KakaoTalk_20240703_091055256_08.jpg,jpg,370934,63f7ca0d4c3b8a5a1ca99e0c4b838c4671b44dab28aa981c0941eaa566ed8699,,,,visual_contact_sheet_review,true,true,false,required,disabled_until_verified,cellmed_images,product_marketing,D,metadata_only,내부 제품명·진열·카테고리 메타데이터 후보,"임상 근거, 환자 상태 추정, 복합판매·매출 유도 문구",제품·판촉·POP 성격이 강해 임상 사실 소스로 사용하지 않는다.
SRC-050,약사 자료(외부로만 가지고나가지말기 __ㅇ)/[학회약]셀메드/KakaoTalk_20240703_091055256_09.jpg,KakaoTalk_20240703_091055256_09.jpg,jpg,357939,46dfad5ab91c7400d21c84a2905bd840064f1bfebeea285e18bbb990a688736e,,,,visual_contact_sheet_review,true,true,false,required,disabled_until_verified,cellmed_images,product_marketing,D,metadata_only,내부 제품명·진열·카테고리 메타데이터 후보,"임상 근거, 환자 상태 추정, 복합판매·매출 유도 문구",제품·판촉·POP 성격이 강해 임상 사실 소스로 사용하지 않는다.
SRC-051,약사 자료(외부로만 가지고나가지말기 __ㅇ)/[학회약]셀메드/KakaoTalk_20240703_091055256_10.jpg,KakaoTalk_20240703_091055256_10.jpg,jpg,382949,8efe2aabb1d6207f2e8e858efc9c077eb5fd1bf436dbddfebd93810f8dbbff1a,,,,visual_contact_sheet_review,true,true,false,required,disabled_until_verified,cellmed_images,product_marketing,D,metadata_only,내부 제품명·진열·카테고리 메타데이터 후보,"임상 근거, 환자 상태 추정, 복합판매·매출 유도 문구",제품·판촉·POP 성격이 강해 임상 사실 소스로 사용하지 않는다.
SRC-052,약사 자료(외부로만 가지고나가지말기 __ㅇ)/[학회약]셀메드/KakaoTalk_20240703_091055256_11.jpg,KakaoTalk_20240703_091055256_11.jpg,jpg,369917,025e446125503a6459ed174f8ae068ba2a49844dfd22033e4d1fcffe16de3155,,,,visual_contact_sheet_review,true,true,false,required,disabled_until_verified,cellmed_images,product_marketing,D,metadata_only,내부 제품명·진열·카테고리 메타데이터 후보,"임상 근거, 환자 상태 추정, 복합판매·매출 유도 문구",제품·판촉·POP 성격이 강해 임상 사실 소스로 사용하지 않는다.
SRC-053,약사 자료(외부로만 가지고나가지말기 __ㅇ)/[학회약]셀메드/KakaoTalk_20240703_091055256_12.jpg,KakaoTalk_20240703_091055256_12.jpg,jpg,353914,1201c1fdc65f1c5f42e0f5d67765415c2647d10b419104419b362e73113ef935,,,,visual_contact_sheet_review,true,true,false,required,disabled_until_verified,cellmed_images,product_marketing,D,metadata_only,내부 제품명·진열·카테고리 메타데이터 후보,"임상 근거, 환자 상태 추정, 복합판매·매출 유도 문구",제품·판촉·POP 성격이 강해 임상 사실 소스로 사용하지 않는다.
SRC-054,약사 자료(외부로만 가지고나가지말기 __ㅇ)/[학회약]셀메드/KakaoTalk_20240703_091055256_13.jpg,KakaoTalk_20240703_091055256_13.jpg,jpg,330976,c96867609902cdb39e2d3c4ffc1fae84bacf8b4e5d284323bd4dfdfb9707f1df,,,,visual_contact_sheet_review,true,true,false,required,disabled_until_verified,cellmed_images,product_marketing,D,metadata_only,내부 제품명·진열·카테고리 메타데이터 후보,"임상 근거, 환자 상태 추정, 복합판매·매출 유도 문구",제품·판촉·POP 성격이 강해 임상 사실 소스로 사용하지 않는다.
SRC-055,약사 자료(외부로만 가지고나가지말기 __ㅇ)/[학회약]셀메드/KakaoTalk_20240703_091055256_14.jpg,KakaoTalk_20240703_091055256_14.jpg,jpg,369522,3d41b8117a98697ea6f012e2c1bb29f15a0ec2ff9b19450619b045da73d61cfc,,,,visual_contact_sheet_review,true,true,false,required,disabled_until_verified,cellmed_images,product_marketing,D,metadata_only,내부 제품명·진열·카테고리 메타데이터 후보,"임상 근거, 환자 상태 추정, 복합판매·매출 유도 문구",제품·판촉·POP 성격이 강해 임상 사실 소스로 사용하지 않는다.
SRC-056,약사 자료(외부로만 가지고나가지말기 __ㅇ)/[학회약]셀메드/KakaoTalk_20240703_091055256_15.jpg,KakaoTalk_20240703_091055256_15.jpg,jpg,323527,52a7ebfd795d7e25f9d8991a379d917ef945b18476b0ff497bc956b88c46da3a,,,,visual_contact_sheet_review,true,true,false,required,disabled_until_verified,cellmed_images,product_marketing,D,metadata_only,내부 제품명·진열·카테고리 메타데이터 후보,"임상 근거, 환자 상태 추정, 복합판매·매출 유도 문구",제품·판촉·POP 성격이 강해 임상 사실 소스로 사용하지 않는다.
SRC-057,약사 자료(외부로만 가지고나가지말기 __ㅇ)/[학회약]셀메드/KakaoTalk_20240703_091055256_16.jpg,KakaoTalk_20240703_091055256_16.jpg,jpg,347516,7da262bf0e28a22e4549f5f7e17ba23eb1629b7d6a29ef05e82cfe2dafc7c6db,,,,visual_contact_sheet_review,true,true,false,required,disabled_until_verified,cellmed_images,product_marketing,D,metadata_only,내부 제품명·진열·카테고리 메타데이터 후보,"임상 근거, 환자 상태 추정, 복합판매·매출 유도 문구",제품·판촉·POP 성격이 강해 임상 사실 소스로 사용하지 않는다.
SRC-058,약사 자료(외부로만 가지고나가지말기 __ㅇ)/[학회약]셀메드/KakaoTalk_20240703_091055256_17.jpg,KakaoTalk_20240703_091055256_17.jpg,jpg,371376,49ec00cae23ea68e0ea128e7c3068502f5ccbc97041af4ee66ae261d0169a559,,,,visual_contact_sheet_review,true,true,false,required,disabled_until_verified,cellmed_images,product_marketing,D,metadata_only,내부 제품명·진열·카테고리 메타데이터 후보,"임상 근거, 환자 상태 추정, 복합판매·매출 유도 문구",제품·판촉·POP 성격이 강해 임상 사실 소스로 사용하지 않는다.
SRC-059,약사 자료(외부로만 가지고나가지말기 __ㅇ)/[학회약]셀메드/KakaoTalk_20240703_091055256_18.jpg,KakaoTalk_20240703_091055256_18.jpg,jpg,442142,23e0bfbc90d973d0307bd5bc19eb5f0086178becfd063968392d98ef7c84340a,,,,visual_contact_sheet_review,true,true,false,required,disabled_until_verified,cellmed_images,product_marketing,D,metadata_only,내부 제품명·진열·카테고리 메타데이터 후보,"임상 근거, 환자 상태 추정, 복합판매·매출 유도 문구",제품·판촉·POP 성격이 강해 임상 사실 소스로 사용하지 않는다.
SRC-060,약사 자료(외부로만 가지고나가지말기 __ㅇ)/[학회약]셀메드/KakaoTalk_20240703_091055256_19.jpg,KakaoTalk_20240703_091055256_19.jpg,jpg,352103,65d53e2be5c50e5844440c86234621da226a1d1aaf02dd0d36f8ac80138683ec,,,,visual_contact_sheet_review,true,true,false,required,disabled_until_verified,cellmed_images,product_marketing,D,metadata_only,내부 제품명·진열·카테고리 메타데이터 후보,"임상 근거, 환자 상태 추정, 복합판매·매출 유도 문구",제품·판촉·POP 성격이 강해 임상 사실 소스로 사용하지 않는다.
SRC-061,약사 자료(외부로만 가지고나가지말기 __ㅇ)/[학회약]셀메드/KakaoTalk_20240703_091055256_20.jpg,KakaoTalk_20240703_091055256_20.jpg,jpg,360045,c65e3b55cba2cc8f86313c11a2e4d90813e0de70a0a5491a75008ea0281baefb,,,,visual_contact_sheet_review,true,true,false,required,disabled_until_verified,cellmed_images,product_marketing,D,metadata_only,내부 제품명·진열·카테고리 메타데이터 후보,"임상 근거, 환자 상태 추정, 복합판매·매출 유도 문구",제품·판촉·POP 성격이 강해 임상 사실 소스로 사용하지 않는다.
SRC-062,약사 자료(외부로만 가지고나가지말기 __ㅇ)/[학회약]셀메드/KakaoTalk_20240703_091055256_21.jpg,KakaoTalk_20240703_091055256_21.jpg,jpg,292456,27fa15959af2794b8d0b0c5f672e95873326ab50bc855e28d3be7cb205e2452c,,,,visual_contact_sheet_review,true,true,false,required,disabled_until_verified,cellmed_images,product_marketing,D,metadata_only,내부 제품명·진열·카테고리 메타데이터 후보,"임상 근거, 환자 상태 추정, 복합판매·매출 유도 문구",제품·판촉·POP 성격이 강해 임상 사실 소스로 사용하지 않는다.
SRC-063,약사 자료(외부로만 가지고나가지말기 __ㅇ)/[학회약]셀메드/KakaoTalk_20240703_091055256_22.jpg,KakaoTalk_20240703_091055256_22.jpg,jpg,481553,982c17526628e1b823ad08c59fa17d05629b29f2408329d749029990bfd8c877,,,,visual_contact_sheet_review,true,true,false,required,disabled_until_verified,cellmed_images,product_marketing,D,metadata_only,내부 제품명·진열·카테고리 메타데이터 후보,"임상 근거, 환자 상태 추정, 복합판매·매출 유도 문구",제품·판촉·POP 성격이 강해 임상 사실 소스로 사용하지 않는다.
SRC-064,약사 자료(외부로만 가지고나가지말기 __ㅇ)/[학회약]셀메드/KakaoTalk_20240703_091055256_23.jpg,KakaoTalk_20240703_091055256_23.jpg,jpg,353836,b7ee01ab64eea6bbebb59d325ab3b8329ffab003d88afd595369ee5ee173091d,,,,visual_contact_sheet_review,true,true,false,required,disabled_until_verified,cellmed_images,product_marketing,D,metadata_only,내부 제품명·진열·카테고리 메타데이터 후보,"임상 근거, 환자 상태 추정, 복합판매·매출 유도 문구",제품·판촉·POP 성격이 강해 임상 사실 소스로 사용하지 않는다.
SRC-065,약사 자료(외부로만 가지고나가지말기 __ㅇ)/[학회약]셀메드/KakaoTalk_20240703_091055256_24.jpg,KakaoTalk_20240703_091055256_24.jpg,jpg,372466,895d3d5af07d165e9f2e3abd006fafe97361f574d2d4f72909495a800490d221,,,,visual_contact_sheet_review,true,true,false,required,disabled_until_verified,cellmed_images,product_marketing,D,metadata_only,내부 제품명·진열·카테고리 메타데이터 후보,"임상 근거, 환자 상태 추정, 복합판매·매출 유도 문구",제품·판촉·POP 성격이 강해 임상 사실 소스로 사용하지 않는다.
SRC-066,약사 자료(외부로만 가지고나가지말기 __ㅇ)/[학회약]셀메드/KakaoTalk_20240703_091055256_25.jpg,KakaoTalk_20240703_091055256_25.jpg,jpg,305817,21dcc93b0c4a40790209e9a70e3111b0bbffd35a5f2d384e96ce4fc23503be8f,,,,visual_contact_sheet_review,true,true,false,required,disabled_until_verified,cellmed_images,product_marketing,D,metadata_only,내부 제품명·진열·카테고리 메타데이터 후보,"임상 근거, 환자 상태 추정, 복합판매·매출 유도 문구",제품·판촉·POP 성격이 강해 임상 사실 소스로 사용하지 않는다.
SRC-067,약사 자료(외부로만 가지고나가지말기 __ㅇ)/[학회약]셀메드/KakaoTalk_20240703_091055256_26.jpg,KakaoTalk_20240703_091055256_26.jpg,jpg,383108,86ce0ee67e9d2b94d719a4477e19f7c66936494389490119d9c09e01c207e2af,,,,visual_contact_sheet_review,true,true,false,required,disabled_until_verified,cellmed_images,product_marketing,D,metadata_only,내부 제품명·진열·카테고리 메타데이터 후보,"임상 근거, 환자 상태 추정, 복합판매·매출 유도 문구",제품·판촉·POP 성격이 강해 임상 사실 소스로 사용하지 않는다.
SRC-068,약사 자료(외부로만 가지고나가지말기 __ㅇ)/[학회약]셀메드/KakaoTalk_20240703_091055256_27.jpg,KakaoTalk_20240703_091055256_27.jpg,jpg,428547,7e8e1935c03602013ef197c3a34e7e4df62b1fbed299df20fe7c38e3534d9af9,,,,visual_contact_sheet_review,true,true,false,required,disabled_until_verified,cellmed_images,product_marketing,D,metadata_only,내부 제품명·진열·카테고리 메타데이터 후보,"임상 근거, 환자 상태 추정, 복합판매·매출 유도 문구",제품·판촉·POP 성격이 강해 임상 사실 소스로 사용하지 않는다.
SRC-069,약사 자료(외부로만 가지고나가지말기 __ㅇ)/[학회약]셀메드/KakaoTalk_20240703_091055256_28.jpg,KakaoTalk_20240703_091055256_28.jpg,jpg,415298,6b9a0666d2b5a092d7e3b21316f36f927dfb6eed09003412603dcc56ab02317e,,,,visual_contact_sheet_review,true,true,false,required,disabled_until_verified,cellmed_images,product_marketing,D,metadata_only,내부 제품명·진열·카테고리 메타데이터 후보,"임상 근거, 환자 상태 추정, 복합판매·매출 유도 문구",제품·판촉·POP 성격이 강해 임상 사실 소스로 사용하지 않는다.
SRC-070,약사 자료(외부로만 가지고나가지말기 __ㅇ)/[학회약]셀메드/KakaoTalk_20240703_091055256_29.jpg,KakaoTalk_20240703_091055256_29.jpg,jpg,47624,5a5d17f46f254952bccde2fc8cf918e1bfafe67bfd91aa0d47df7fed4237c0d0,,,,visual_contact_sheet_review,true,true,false,required,disabled_until_verified,cellmed_images,product_marketing,D,metadata_only,내부 제품명·진열·카테고리 메타데이터 후보,"임상 근거, 환자 상태 추정, 복합판매·매출 유도 문구",제품·판촉·POP 성격이 강해 임상 사실 소스로 사용하지 않는다.
SRC-071,약사 자료(외부로만 가지고나가지말기 __ㅇ)/경구피임제 이해와 복약상담.pdf,경구피임제 이해와 복약상담.pdf,pdf,195133,7440de977f6bf5ecd18b88c7feb4eb3d9b59f77fecd114012b4aacad65e56550,2,3464,false,text_extraction_plus_visual_sampling,true,true,false,required,disabled_until_verified,oral_contraceptive_counseling,human_rx_otc,C,candidate_only,"복약상담 순서, 확인 질문, 설명 구조 후보",검증 전 복용 시작·복용 누락·응급피임·상호작용 규칙의 직접 제공,제품별 허가사항과 최신 공식 지침으로 규칙을 재작성해야 한다.
SRC-072,약사 자료(외부로만 가지고나가지말기 __ㅇ)/경구피임제복약상담노트&어여모.pdf,경구피임제복약상담노트&어여모.pdf,pdf,13797258,d8a1b5a9a92c1506a265d4cb03e816c92485e6639e3d24b65ab45cfe1763e819,15,364,true,all_pages_visual_review_image_only_pdf,true,true,false,required,disabled_until_verified,oral_contraceptive_counseling,human_rx_otc,C,candidate_only,"복약상담 순서, 확인 질문, 설명 구조 후보",검증 전 복용 시작·복용 누락·응급피임·상호작용 규칙의 직접 제공,제품별 허가사항과 최신 공식 지침으로 규칙을 재작성해야 한다.
SRC-073,약사 자료(외부로만 가지고나가지말기 __ㅇ)/네이쳐스팜 자료모음(몸의 기운에 맞는 약)/KakaoTalk_Photo_2025-10-21-14-48-10 001.jpeg,KakaoTalk_Photo_2025-10-21-14-48-10 001.jpeg,jpeg,1358978,e23bdc081d958823d0c01624273c686d0c8fd263fa6e9a460782303cd0bf2fd4,,,,visual_contact_sheet_review,true,true,false,required,disabled_until_verified,natures_pharm_typology,supplement_nonstandard,X,excluded,연구·감사 목적으로 출처 존재만 기록,비표준 체질/기운 분류에 따른 약·제품 추천,임상 런타임 및 상담카드 생성에서 제외.
SRC-074,약사 자료(외부로만 가지고나가지말기 __ㅇ)/네이쳐스팜 자료모음(몸의 기운에 맞는 약)/KakaoTalk_Photo_2025-10-21-14-48-10 002.jpeg,KakaoTalk_Photo_2025-10-21-14-48-10 002.jpeg,jpeg,3308547,84271b9565d8927037d5a799516edc0ececa9f074d04ef092f74c1784907bf16,,,,visual_contact_sheet_review,true,true,false,required,disabled_until_verified,natures_pharm_typology,supplement_nonstandard,X,excluded,연구·감사 목적으로 출처 존재만 기록,비표준 체질/기운 분류에 따른 약·제품 추천,임상 런타임 및 상담카드 생성에서 제외.
SRC-075,약사 자료(외부로만 가지고나가지말기 __ㅇ)/네이쳐스팜 자료모음(몸의 기운에 맞는 약)/KakaoTalk_Photo_2025-10-21-14-48-10 003.png,KakaoTalk_Photo_2025-10-21-14-48-10 003.png,png,746541,ddf5e26a5c67c67d655d06a8c2b980bcff019d25ee61a1d083f89044fbf0b7d2,,,,visual_contact_sheet_review,true,true,false,required,disabled_until_verified,natures_pharm_typology,supplement_nonstandard,X,excluded,연구·감사 목적으로 출처 존재만 기록,비표준 체질/기운 분류에 따른 약·제품 추천,임상 런타임 및 상담카드 생성에서 제외.
SRC-076,약사 자료(외부로만 가지고나가지말기 __ㅇ)/네이쳐스팜 자료모음(몸의 기운에 맞는 약)/KakaoTalk_Photo_2025-10-21-14-48-12 004.png,KakaoTalk_Photo_2025-10-21-14-48-12 004.png,png,949140,5fea4b69333f65479b8044b802ee4b94f18ef91280a8d0282427bb0b4d5fd84a,,,,visual_contact_sheet_review,true,true,false,required,disabled_until_verified,natures_pharm_typology,supplement_nonstandard,X,excluded,연구·감사 목적으로 출처 존재만 기록,비표준 체질/기운 분류에 따른 약·제품 추천,임상 런타임 및 상담카드 생성에서 제외.
SRC-077,약사 자료(외부로만 가지고나가지말기 __ㅇ)/네이쳐스팜 자료모음(몸의 기운에 맞는 약)/KakaoTalk_Photo_2025-10-21-14-48-12 005.png,KakaoTalk_Photo_2025-10-21-14-48-12 005.png,png,855069,1c03ffbba8d4de540f7106bb4c29fb34a9b7b646a61adba43eb368d968ab407b,,,,visual_contact_sheet_review,true,true,false,required,disabled_until_verified,natures_pharm_typology,supplement_nonstandard,X,excluded,연구·감사 목적으로 출처 존재만 기록,비표준 체질/기운 분류에 따른 약·제품 추천,임상 런타임 및 상담카드 생성에서 제외.
SRC-078,약사 자료(외부로만 가지고나가지말기 __ㅇ)/네이쳐스팜 자료모음(몸의 기운에 맞는 약)/KakaoTalk_Photo_2025-10-21-14-48-12 006.png,KakaoTalk_Photo_2025-10-21-14-48-12 006.png,png,867870,ff7b2f48e2eef72e0eccd4c6bfc90050c12abf8d39aefe99fd76cf6d59e37e8f,,,,visual_contact_sheet_review,true,true,false,required,disabled_until_verified,natures_pharm_typology,supplement_nonstandard,X,excluded,연구·감사 목적으로 출처 존재만 기록,비표준 체질/기운 분류에 따른 약·제품 추천,임상 런타임 및 상담카드 생성에서 제외.
SRC-079,약사 자료(외부로만 가지고나가지말기 __ㅇ)/네이쳐스팜 자료모음(몸의 기운에 맞는 약)/KakaoTalk_Photo_2025-10-21-14-48-12 007.png,KakaoTalk_Photo_2025-10-21-14-48-12 007.png,png,1253981,f2820943588b4ff6ad0934d13f82aa9dccba0eabc287f7be65b6c727eece61e7,,,,visual_contact_sheet_review,true,true,false,required,disabled_until_verified,natures_pharm_typology,supplement_nonstandard,X,excluded,연구·감사 목적으로 출처 존재만 기록,비표준 체질/기운 분류에 따른 약·제품 추천,임상 런타임 및 상담카드 생성에서 제외.
SRC-080,약사 자료(외부로만 가지고나가지말기 __ㅇ)/네이쳐스팜 자료모음(몸의 기운에 맞는 약)/KakaoTalk_Photo_2025-10-21-14-48-13 008.png,KakaoTalk_Photo_2025-10-21-14-48-13 008.png,png,1527279,1dbaa1212122d6202e50e29ac130c0998c724d3e9114cc6a876aca5662b8c55c,,,,visual_contact_sheet_review,true,true,false,required,disabled_until_verified,natures_pharm_typology,supplement_nonstandard,X,excluded,연구·감사 목적으로 출처 존재만 기록,비표준 체질/기운 분류에 따른 약·제품 추천,임상 런타임 및 상담카드 생성에서 제외.
SRC-081,약사 자료(외부로만 가지고나가지말기 __ㅇ)/네이쳐스팜 자료모음(몸의 기운에 맞는 약)/KakaoTalk_Photo_2025-10-21-14-48-13 009.png,KakaoTalk_Photo_2025-10-21-14-48-13 009.png,png,1636922,50efcc6245e920d12aaae6e70258d648fc27f88d465335d5a3f727f18d7efae2,,,,visual_contact_sheet_review,true,true,false,required,disabled_until_verified,natures_pharm_typology,supplement_nonstandard,X,excluded,연구·감사 목적으로 출처 존재만 기록,비표준 체질/기운 분류에 따른 약·제품 추천,임상 런타임 및 상담카드 생성에서 제외.
SRC-082,약사 자료(외부로만 가지고나가지말기 __ㅇ)/드럭머거_질환별 복용약에 따른 보충필요 VM.png,드럭머거_질환별 복용약에 따른 보충필요 VM.png,png,358281,c22648d10e4dcbd28af29368b2cea5a7340709dd409140658362cf6c40381f83,,,,visual_contact_sheet_review,true,true,false,required,disabled_until_verified,drug_nutrient_chart,supplement,D,candidate_only_separate_mode,검토할 약물-영양소 주제 목록을 만드는 탐색 신호,"인과관계 확정, 자동 보충제 추천, 검증 전 결핍 진단",각 관계를 독립 근거와 공식 라벨로 재검토.
SRC-083,약사 자료(외부로만 가지고나가지말기 __ㅇ)/복약지도+조제실 가이드북 - 최종본(이미지수정) 전자책.pdf,복약지도+조제실 가이드북 - 최종본(이미지수정) 전자책.pdf,pdf,11937057,4399bf9074ee0689e6a2b930e98d95f7e02045aad836a7caa55fb8ca77656fd7,76,87423,false,text_extraction_plus_visual_sampling,true,true,false,required,disabled_until_verified,rx_dispensing_workflow,prescription_counseling,C,candidate_only,"짧은 복약지도 UX, 조제실 확인 절차, 질문 프레임",검증 전 개별 의약품 용법·금기·상호작용을 운영 답변으로 사용,3초 스캔/짧은 멘트 구조는 UI 설계에 유용.
SRC-084,"약사 자료(외부로만 가지고나가지말기 __ㅇ)/부작용모음(영양소, by 약들약).xlsx","부작용모음(영양소, by 약들약).xlsx",xlsx,21006,b685913e61b2e00a991a132e3cd1e45226bf01da74d8abab3ecd343a06c7cba6,,,,all_sheets_and_rows_review,true,true,false,required,disabled_until_verified,supplement_adverse_effect_spreadsheet,supplement,X,quarantine,검증 과제·키워드 후보 생성,정확한 역치·용량·부작용·상호작용을 자동 상담에 직접 사용,간략화·출처 불명·역치 단정이 섞여 있어 claim-level 검증 전 사용 금지.
SRC-085,약사 자료(외부로만 가지고나가지말기 __ㅇ)/시니컬한 약사의 약이 되는 독설_리뷰.docx,시니컬한 약사의 약이 되는 독설_리뷰.docx,docx,593108,5b387a0895c78aedbc95f59ba42b4855f83f1ca84f1bd62ccd95b29552eedfd8,,,,full_text_and_all_rendered_pages_review,true,true,false,required,disabled_until_verified,functional_medicine_book_review,supplement_nonstandard,X,excluded,비임상 독서 메모로만 보존,"부신피로·기능의학 가설을 진단·치료 사실로 사용, 제품 추천",임상 상담 지식베이스에서 제외.
SRC-086,약사 자료(외부로만 가지고나가지말기 __ㅇ)/약먹을시간_OTC 실전 가이드북.pdf,약먹을시간_OTC 실전 가이드북.pdf,pdf,112669756,10aa29ad2f8edf0b32ca198479f3034d05e6855810b90cf1e4296a85fae2dea9,475,228695,false,text_extraction_plus_visual_sampling,true,true,false,required,disabled_until_verified,otc_practical_handbook,human_otc,C,candidate_only,"환자 친화적 표현, 증상별 질문 순서, 상담카드 구조 후보","원문 재배포, 검증 전 임상 주장·용량·금기·제품 선택",현장성이 높지만 저작권과 최신성 검토가 필수.
SRC-087,약사 자료(외부로만 가지고나가지말기 __ㅇ)/엔큐앤에이건강체크지(설명서포함).pdf,엔큐앤에이건강체크지(설명서포함).pdf,pdf,1572343,cde0a4bb5b0af5c8d3ea43bf3f5d8a326ddab592dccfc1fca17e9c2ce55f4859,4,7494,false,text_extraction_plus_visual_sampling,true,true,false,required,disabled_until_verified,nqna_health_signs,supplement_nonstandard,X,excluded,연구·감사 목적으로 출처 존재만 기록,"외형·체질을 근거로 질환 또는 영양 결핍을 추정, 제품 추천",생김새·체질 기반 추론은 임상 런타임에서 차단.
SRC-088,약사 자료(외부로만 가지고나가지말기 __ㅇ)/연령별 비타민 D 섭취용량 깔끔버전.png,연령별 비타민 D 섭취용량 깔끔버전.png,png,5536078,5414dce678b0182f2e99ff6d139592937a23cdb8eb7b558a62ef3a156776eec1,,,,visual_contact_sheet_review,true,true,false,required,disabled_until_verified,vitamin_d_chart,supplement,C,candidate_only_separate_mode,연령 슬롯과 단위 검증 필요성을 정의하는 후보,검증 전 용량 표를 운영 출력에 직접 사용,국내 최신 권고·허가사항·상한섭취량과 대조.
SRC-089,약사 자료(외부로만 가지고나가지말기 __ㅇ)/오성곤_약국상담마케팅_최종교재.pdf,오성곤_약국상담마케팅_최종교재.pdf,pdf,483447,79c49355a019b9118f28105d7ea6264632b164b202347e22186dccddb934ab64,54,52161,false,text_extraction_plus_visual_sampling,true,true,false,required,disabled_until_verified,pharmacy_marketing,marketing,D,nonclinical_ux_only,대화 UX·고객 이해·운영 교육 아이디어,"매출 우선 추천, 질환/약물 판단, 강압적 업셀링",임상 추천 엔진과 분리하고 안전·환자 이익 우선.
SRC-090,약사 자료(외부로만 가지고나가지말기 __ㅇ)/자신감 있는 복약지도를 위한 일반의약품 핵심정리 _배포용_최종_링크 포함.pdf,자신감 있는 복약지도를 위한 일반의약품 핵심정리 _배포용_최종_링크 포함.pdf,pdf,5217764,f0d8cb073329ecde4cdcbda574cbbaa58012d73dc37f4abf763c7535b4ff195f,47,52284,false,text_extraction_plus_visual_sampling,true,true,false,required,disabled_until_verified,otc_core_reference,human_otc,C,candidate_only,OTC 핵심 분류와 상담 질문 후보,검증 전 임상 주장·용량·금기·상호작용,공식 제품정보와 claim-level 대조 후 카드화.
SRC-091,약사 자료(외부로만 가지고나가지말기 __ㅇ)/정답조합 정답멘트 일반약 길라잡이 교재(1~8강)/01. 감기약.pdf,01. 감기약.pdf,pdf,4532352,f2eb21eb3492def4a1eac096a8325934555a6a5b5ecf7ca4118bc13ce8149fe8,43,30490,false,text_extraction_plus_visual_sampling,true,true,false,required,disabled_until_verified,otc_topic_sales_guides,human_otc,C-D,candidate_only,증상별 질문·표현·카테고리 후보를 재작성,"공격적 복합판매, 원문 멘트 재사용, 검증 전 임상 사실",유용한 실무 구조와 판매 지향 표현을 분리해야 한다.
SRC-092,약사 자료(외부로만 가지고나가지말기 __ㅇ)/정답조합 정답멘트 일반약 길라잡이 교재(1~8강)/02. 통증케어.pdf,02. 통증케어.pdf,pdf,3417912,a063bb485df4d61d8c7089ca856ec00e6832bac2b3c1d4f67f7308961e4fc45b,26,18696,false,text_extraction_plus_visual_sampling,true,true,false,required,disabled_until_verified,otc_topic_sales_guides,human_otc,C-D,candidate_only,증상별 질문·표현·카테고리 후보를 재작성,"공격적 복합판매, 원문 멘트 재사용, 검증 전 임상 사실",유용한 실무 구조와 판매 지향 표현을 분리해야 한다.
SRC-093,약사 자료(외부로만 가지고나가지말기 __ㅇ)/정답조합 정답멘트 일반약 길라잡이 교재(1~8강)/03. 위장약.pdf,03. 위장약.pdf,pdf,3861044,0808cb03d242dfe200657d285ec545a986c1bf85229b845176564a72021b2fd7,47,27930,false,text_extraction_plus_visual_sampling,true,true,false,required,disabled_until_verified,otc_topic_sales_guides,human_otc,C-D,candidate_only,증상별 질문·표현·카테고리 후보를 재작성,"공격적 복합판매, 원문 멘트 재사용, 검증 전 임상 사실",유용한 실무 구조와 판매 지향 표현을 분리해야 한다.
SRC-094,약사 자료(외부로만 가지고나가지말기 __ㅇ)/정답조합 정답멘트 일반약 길라잡이 교재(1~8강)/04. 염증케어.pdf,04. 염증케어.pdf,pdf,1940769,e62c2221f72183f607bb169ecb5de3fcaf40b0a821388aac011b5b2aeacadffe,21,18061,false,text_extraction_plus_visual_sampling,true,true,false,required,disabled_until_verified,otc_topic_sales_guides,human_otc,C-D,candidate_only,증상별 질문·표현·카테고리 후보를 재작성,"공격적 복합판매, 원문 멘트 재사용, 검증 전 임상 사실",유용한 실무 구조와 판매 지향 표현을 분리해야 한다.
SRC-095,"약사 자료(외부로만 가지고나가지말기 __ㅇ)/정답조합 정답멘트 일반약 길라잡이 교재(1~8강)/05. 치질,무좀,탈모.pdf","05. 치질,무좀,탈모.pdf",pdf,2505847,649c9ce2ca43b6b2839243f47714b657bd658883c1a9e3050382cefd8d3fc48e,26,23228,false,text_extraction_plus_visual_sampling,true,true,false,required,disabled_until_verified,otc_topic_sales_guides,human_otc,C-D,candidate_only,증상별 질문·표현·카테고리 후보를 재작성,"공격적 복합판매, 원문 멘트 재사용, 검증 전 임상 사실",유용한 실무 구조와 판매 지향 표현을 분리해야 한다.
SRC-096,약사 자료(외부로만 가지고나가지말기 __ㅇ)/정답조합 정답멘트 일반약 길라잡이 교재(1~8강)/06. 피부연고.pdf,06. 피부연고.pdf,pdf,3896715,3fb0e78742500c68eb4db4caa4b00867bfc9445c6d6ac44635067b365bd77280,44,42613,false,text_extraction_plus_visual_sampling,true,true,false,required,disabled_until_verified,otc_topic_sales_guides,human_otc,C-D,candidate_only,증상별 질문·표현·카테고리 후보를 재작성,"공격적 복합판매, 원문 멘트 재사용, 검증 전 임상 사실",유용한 실무 구조와 판매 지향 표현을 분리해야 한다.
SRC-097,약사 자료(외부로만 가지고나가지말기 __ㅇ)/정답조합 정답멘트 일반약 길라잡이 교재(1~8강)/07. 여성케어.pdf,07. 여성케어.pdf,pdf,2415431,beb486fa3ba3c3bca2b9ada37c1d1e37c336fb41344d40d787d632aee3066c98,30,29395,false,text_extraction_plus_visual_sampling,true,true,false,required,disabled_until_verified,otc_topic_sales_guides,human_otc,C-D,candidate_only,증상별 질문·표현·카테고리 후보를 재작성,"공격적 복합판매, 원문 멘트 재사용, 검증 전 임상 사실",유용한 실무 구조와 판매 지향 표현을 분리해야 한다.
SRC-098,약사 자료(외부로만 가지고나가지말기 __ㅇ)/정답조합 정답멘트 일반약 길라잡이 교재(1~8강)/08. 동물약.pdf,08. 동물약.pdf,pdf,2245055,6042a172e3368c688ff52c7ae7d74c083bdc7a970fc00fea7c637c0ae2094070,33,38798,false,text_extraction_plus_visual_sampling,true,true,false,required,disabled_until_verified,animal_medicine_guide,animal_medicine,X,separate_domain_disabled,향후 수의·동물약 별도 제품에서 전문가 검토 후 후보,"사람 상담 모드 혼입, 사람 의약품 규칙과 교차 적용",인간 상담 코어와 물리적으로 분리.
SRC-099,약사 자료(외부로만 가지고나가지말기 __ㅇ)/팜올플러스_미나약사의약국해답노트_26강/팜올플러스_미나약사의약국해답노트_1-1_감기기운과감기약.pdf,팜올플러스_미나약사의약국해답노트_1-1_감기기운과감기약.pdf,pdf,1536328,aa19c7d814ae1e04420f52c0c2dc9e4ae2f662d58e12d63944a975db860baa19,22,5822,false,text_extraction_plus_visual_sampling,true,true,false,required,disabled_until_verified,topic_answer_notes,human_otc,C,candidate_only,증상별 분기·확인 질문·상담카드 주제 목록,검증 전 치료·용량·금기·상호작용·질환 판정,세부 주제 분리가 좋아 카드 인벤토리의 출발점으로 적합.
SRC-100,약사 자료(외부로만 가지고나가지말기 __ㅇ)/팜올플러스_미나약사의약국해답노트_26강/팜올플러스_미나약사의약국해답노트_1-2_감기예방.pdf,팜올플러스_미나약사의약국해답노트_1-2_감기예방.pdf,pdf,1297175,dac6da600f10dc10884dc7c6ee0247e7da872f9b24de4b6b790386ec242603ca,14,5393,false,text_extraction_plus_visual_sampling,true,true,false,required,disabled_until_verified,topic_answer_notes,human_otc,C,candidate_only,증상별 분기·확인 질문·상담카드 주제 목록,검증 전 치료·용량·금기·상호작용·질환 판정,세부 주제 분리가 좋아 카드 인벤토리의 출발점으로 적합.
SRC-101,약사 자료(외부로만 가지고나가지말기 __ㅇ)/팜올플러스_미나약사의약국해답노트_26강/팜올플러스_미나약사의약국해답노트_1-3_코감기약과비염.pdf,팜올플러스_미나약사의약국해답노트_1-3_코감기약과비염.pdf,pdf,1109285,49f2511de001d8fa482cc80fa5646ec089bea1eac2e48388f667734566dc0846,17,5245,false,text_extraction_plus_visual_sampling,true,true,false,required,disabled_until_verified,topic_answer_notes,human_otc,C,candidate_only,증상별 분기·확인 질문·상담카드 주제 목록,검증 전 치료·용량·금기·상호작용·질환 판정,세부 주제 분리가 좋아 카드 인벤토리의 출발점으로 적합.
SRC-102,약사 자료(외부로만 가지고나가지말기 __ㅇ)/팜올플러스_미나약사의약국해답노트_26강/팜올플러스_미나약사의약국해답노트_1-4_노란콧물.pdf,팜올플러스_미나약사의약국해답노트_1-4_노란콧물.pdf,pdf,1178451,9be05ef48737e3da76492b6cba81940676ddbf2c00ec72150f7ac2f9ac738732,19,6917,false,text_extraction_plus_visual_sampling,true,true,false,required,disabled_until_verified,topic_answer_notes,human_otc,C,candidate_only,증상별 분기·확인 질문·상담카드 주제 목록,검증 전 치료·용량·금기·상호작용·질환 판정,세부 주제 분리가 좋아 카드 인벤토리의 출발점으로 적합.
SRC-103,약사 자료(외부로만 가지고나가지말기 __ㅇ)/팜올플러스_미나약사의약국해답노트_26강/팜올플러스_미나약사의약국해답노트_1-5_약이안듣는기침.pdf,팜올플러스_미나약사의약국해답노트_1-5_약이안듣는기침.pdf,pdf,2042283,cf85abf12899b044df856cbc5fcebb7c459a40fb86cbc64335495f0bd107c3a0,24,15244,false,text_extraction_plus_visual_sampling,true,true,false,required,disabled_until_verified,topic_answer_notes,human_otc,C,candidate_only,증상별 분기·확인 질문·상담카드 주제 목록,검증 전 치료·용량·금기·상호작용·질환 판정,세부 주제 분리가 좋아 카드 인벤토리의 출발점으로 적합.
SRC-104,약사 자료(외부로만 가지고나가지말기 __ㅇ)/팜올플러스_미나약사의약국해답노트_26강/팜올플러스_미나약사의약국해답노트_1-6_인후통약.pdf,팜올플러스_미나약사의약국해답노트_1-6_인후통약.pdf,pdf,1931075,38efcc02f436ef0571bd96014f3976e112c51713737331f664184b475b9c96c8,18,4527,false,text_extraction_plus_visual_sampling,true,true,false,required,disabled_until_verified,topic_answer_notes,human_otc,C,candidate_only,증상별 분기·확인 질문·상담카드 주제 목록,검증 전 치료·용량·금기·상호작용·질환 판정,세부 주제 분리가 좋아 카드 인벤토리의 출발점으로 적합.
SRC-105,약사 자료(외부로만 가지고나가지말기 __ㅇ)/팜올플러스_미나약사의약국해답노트_26강/팜올플러스_미나약사의약국해답노트_2-1_소화제종류.pdf,팜올플러스_미나약사의약국해답노트_2-1_소화제종류.pdf,pdf,1715667,861634aa95c8979d8a55b1cd4f62fea17770a3b716b9a2162fb732b69fc9e46a,16,6490,false,text_extraction_plus_visual_sampling,true,true,false,required,disabled_until_verified,topic_answer_notes,human_otc,C,candidate_only,증상별 분기·확인 질문·상담카드 주제 목록,검증 전 치료·용량·금기·상호작용·질환 판정,세부 주제 분리가 좋아 카드 인벤토리의 출발점으로 적합.
SRC-106,약사 자료(외부로만 가지고나가지말기 __ㅇ)/팜올플러스_미나약사의약국해답노트_26강/팜올플러스_미나약사의약국해답노트_2-2_체기와한방소화제.pdf,팜올플러스_미나약사의약국해답노트_2-2_체기와한방소화제.pdf,pdf,1302111,8d42bcd984b88abfe26825399cb1c38ddc972fe54ca9f61873fc36db3d1b0320,21,7816,false,text_extraction_plus_visual_sampling,true,true,false,required,disabled_until_verified,topic_answer_notes,human_otc,C,candidate_only,증상별 분기·확인 질문·상담카드 주제 목록,검증 전 치료·용량·금기·상호작용·질환 판정,세부 주제 분리가 좋아 카드 인벤토리의 출발점으로 적합.
SRC-107,약사 자료(외부로만 가지고나가지말기 __ㅇ)/팜올플러스_미나약사의약국해답노트_26강/팜올플러스_미나약사의약국해답노트_2-3_소화제효과없을때.pdf,팜올플러스_미나약사의약국해답노트_2-3_소화제효과없을때.pdf,pdf,1421631,3723ce6c81025eb59d7071930e4b8ae51ab5990ddc3a560429ecb6adbfd20420,14,6365,false,text_extraction_plus_visual_sampling,true,true,false,required,disabled_until_verified,topic_answer_notes,human_otc,C,candidate_only,증상별 분기·확인 질문·상담카드 주제 목록,검증 전 치료·용량·금기·상호작용·질환 판정,세부 주제 분리가 좋아 카드 인벤토리의 출발점으로 적합.
SRC-108,약사 자료(외부로만 가지고나가지말기 __ㅇ)/팜올플러스_미나약사의약국해답노트_26강/팜올플러스_미나약사의약국해답노트_2-4_속쓰림.pdf,팜올플러스_미나약사의약국해답노트_2-4_속쓰림.pdf,pdf,1929751,74ca243a03cd1885b77120eedfff4e5c34469a77a7abac7e412d910e0b762974,22,7371,false,text_extraction_plus_visual_sampling,true,true,false,required,disabled_until_verified,topic_answer_notes,human_otc,C,candidate_only,증상별 분기·확인 질문·상담카드 주제 목록,검증 전 치료·용량·금기·상호작용·질환 판정,세부 주제 분리가 좋아 카드 인벤토리의 출발점으로 적합.
SRC-109,약사 자료(외부로만 가지고나가지말기 __ㅇ)/팜올플러스_미나약사의약국해답노트_26강/팜올플러스_미나약사의약국해답노트_2-5_장염.pdf,팜올플러스_미나약사의약국해답노트_2-5_장염.pdf,pdf,1589210,ad313fcd56e7ea6c9551e3891553a5ef5599193c8f8dfc12b48102825510cbb7,25,12182,false,text_extraction_plus_visual_sampling,true,true,false,required,disabled_until_verified,topic_answer_notes,human_otc,C,candidate_only,증상별 분기·확인 질문·상담카드 주제 목록,검증 전 치료·용량·금기·상호작용·질환 판정,세부 주제 분리가 좋아 카드 인벤토리의 출발점으로 적합.
SRC-110,약사 자료(외부로만 가지고나가지말기 __ㅇ)/팜올플러스_미나약사의약국해답노트_26강/팜올플러스_미나약사의약국해답노트_3-1_생리통약.pdf,팜올플러스_미나약사의약국해답노트_3-1_생리통약.pdf,pdf,1613445,35f049f0004fc5c2731a261b50f2e1d92fb641f574137c2f0b21e6579b879457,23,11317,false,text_extraction_plus_visual_sampling,true,true,false,required,disabled_until_verified,topic_answer_notes,human_otc,C,candidate_only,증상별 분기·확인 질문·상담카드 주제 목록,검증 전 치료·용량·금기·상호작용·질환 판정,세부 주제 분리가 좋아 카드 인벤토리의 출발점으로 적합.
SRC-111,약사 자료(외부로만 가지고나가지말기 __ㅇ)/팜올플러스_미나약사의약국해답노트_26강/팜올플러스_미나약사의약국해답노트_3-2_생리미루기.pdf,팜올플러스_미나약사의약국해답노트_3-2_생리미루기.pdf,pdf,1089146,51de4809fea1f29580d00ff9af4694285fdb2fac8b79eabc3f9b8ffc60caf62a,27,12530,false,text_extraction_plus_visual_sampling,true,true,false,required,disabled_until_verified,topic_answer_notes,human_otc,C,candidate_only,증상별 분기·확인 질문·상담카드 주제 목록,검증 전 치료·용량·금기·상호작용·질환 판정,세부 주제 분리가 좋아 카드 인벤토리의 출발점으로 적합.
SRC-112,약사 자료(외부로만 가지고나가지말기 __ㅇ)/팜올플러스_미나약사의약국해답노트_26강/팜올플러스_미나약사의약국해답노트_3-3_피임약망각.pdf,팜올플러스_미나약사의약국해답노트_3-3_피임약망각.pdf,pdf,720090,91a4f3b923b5f39a7a5c1c945885109ae62ea4d44773f83cd197fdbf19461956,15,6999,false,text_extraction_plus_visual_sampling,true,true,false,required,disabled_until_verified,topic_answer_notes,human_otc,C,candidate_only,증상별 분기·확인 질문·상담카드 주제 목록,검증 전 치료·용량·금기·상호작용·질환 판정,세부 주제 분리가 좋아 카드 인벤토리의 출발점으로 적합.
SRC-113,약사 자료(외부로만 가지고나가지말기 __ㅇ)/팜올플러스_미나약사의약국해답노트_26강/팜올플러스_미나약사의약국해답노트_3-4_질염약.pdf,팜올플러스_미나약사의약국해답노트_3-4_질염약.pdf,pdf,903485,0c980124f59884de291e00c2dd8d7f4d706044f3418bdf117829c52c64d7a8b7,24,12881,false,text_extraction_plus_visual_sampling,true,true,false,required,disabled_until_verified,topic_answer_notes,human_otc,C,candidate_only,증상별 분기·확인 질문·상담카드 주제 목록,검증 전 치료·용량·금기·상호작용·질환 판정,세부 주제 분리가 좋아 카드 인벤토리의 출발점으로 적합.
SRC-114,약사 자료(외부로만 가지고나가지말기 __ㅇ)/팜올플러스_미나약사의약국해답노트_26강/팜올플러스_미나약사의약국해답노트_3-5_방광염.pdf,팜올플러스_미나약사의약국해답노트_3-5_방광염.pdf,pdf,1267174,14b5dbc63fa07df77af7ee78ab6557843a23ecca19a5928742650968caa84e3d,24,13156,false,text_extraction_plus_visual_sampling,true,true,false,required,disabled_until_verified,topic_answer_notes,human_otc,C,candidate_only,증상별 분기·확인 질문·상담카드 주제 목록,검증 전 치료·용량·금기·상호작용·질환 판정,세부 주제 분리가 좋아 카드 인벤토리의 출발점으로 적합.
SRC-115,약사 자료(외부로만 가지고나가지말기 __ㅇ)/팜올플러스_미나약사의약국해답노트_26강/팜올플러스_미나약사의약국해답노트_3-6_PMS.pdf,팜올플러스_미나약사의약국해답노트_3-6_PMS.pdf,pdf,756750,0e116894215d07b540eefca14313e4c632b9a4bd169316b1306d43b89a7d0304,16,6767,false,text_extraction_plus_visual_sampling,true,true,false,required,disabled_until_verified,topic_answer_notes,human_otc,C,candidate_only,증상별 분기·확인 질문·상담카드 주제 목록,검증 전 치료·용량·금기·상호작용·질환 판정,세부 주제 분리가 좋아 카드 인벤토리의 출발점으로 적합.
SRC-116,약사 자료(외부로만 가지고나가지말기 __ㅇ)/팜올플러스_미나약사의약국해답노트_26강/팜올플러스_미나약사의약국해답노트_3-7_갱년기.pdf,팜올플러스_미나약사의약국해답노트_3-7_갱년기.pdf,pdf,820186,e56afacbb261c1f3925b04964d0e860a16278627c5e05eac7ad9d533317e353e,21,14258,false,text_extraction_plus_visual_sampling,true,true,false,required,disabled_until_verified,topic_answer_notes,human_otc,C,candidate_only,증상별 분기·확인 질문·상담카드 주제 목록,검증 전 치료·용량·금기·상호작용·질환 판정,세부 주제 분리가 좋아 카드 인벤토리의 출발점으로 적합.
SRC-117,약사 자료(외부로만 가지고나가지말기 __ㅇ)/팜올플러스_미나약사의약국해답노트_26강/팜올플러스_미나약사의약국해답노트_4-1_몇도부터해열제.pdf,팜올플러스_미나약사의약국해답노트_4-1_몇도부터해열제.pdf,pdf,1401767,a89be096838582f1f0491bf25ced4698ae78b3fd248fcf09e518b3c2c60c51ac,19,7536,false,text_extraction_plus_visual_sampling,true,true,false,required,disabled_until_verified,topic_answer_notes,human_otc,C,candidate_only,증상별 분기·확인 질문·상담카드 주제 목록,검증 전 치료·용량·금기·상호작용·질환 판정,세부 주제 분리가 좋아 카드 인벤토리의 출발점으로 적합.
SRC-118,약사 자료(외부로만 가지고나가지말기 __ㅇ)/팜올플러스_미나약사의약국해답노트_26강/팜올플러스_미나약사의약국해답노트_4-2_해열제종류.pdf,팜올플러스_미나약사의약국해답노트_4-2_해열제종류.pdf,pdf,1180871,19aa0743f8f1f3c441d78a1e3ec0e8e41ae062f4950f054b70dcfb99b74e196e,21,16125,false,text_extraction_plus_visual_sampling,true,true,false,required,disabled_until_verified,topic_answer_notes,human_otc,C,candidate_only,증상별 분기·확인 질문·상담카드 주제 목록,검증 전 치료·용량·금기·상호작용·질환 판정,세부 주제 분리가 좋아 카드 인벤토리의 출발점으로 적합.
SRC-119,약사 자료(외부로만 가지고나가지말기 __ㅇ)/팜올플러스_미나약사의약국해답노트_26강/팜올플러스_미나약사의약국해답노트_4-3_소아감기약병용.pdf,팜올플러스_미나약사의약국해답노트_4-3_소아감기약병용.pdf,pdf,1708122,383f2fb87f57dd12c922f8c680fb9f66b3123c0611130cd7b917fe62e3455fb5,21,8655,false,text_extraction_plus_visual_sampling,true,true,false,required,disabled_until_verified,topic_answer_notes,human_otc,C,candidate_only,증상별 분기·확인 질문·상담카드 주제 목록,검증 전 치료·용량·금기·상호작용·질환 판정,세부 주제 분리가 좋아 카드 인벤토리의 출발점으로 적합.
SRC-120,약사 자료(외부로만 가지고나가지말기 __ㅇ)/팜올플러스_미나약사의약국해답노트_26강/팜올플러스_미나약사의약국해답노트_4-4_소아구토설사.pdf,팜올플러스_미나약사의약국해답노트_4-4_소아구토설사.pdf,pdf,1413237,e9d38aa0467a371f6ed116b0eaf42126ffb682d12f9e079fb4a68bac7eec9175,24,12182,false,text_extraction_plus_visual_sampling,true,true,false,required,disabled_until_verified,topic_answer_notes,human_otc,C,candidate_only,증상별 분기·확인 질문·상담카드 주제 목록,검증 전 치료·용량·금기·상호작용·질환 판정,세부 주제 분리가 좋아 카드 인벤토리의 출발점으로 적합.
SRC-121,약사 자료(외부로만 가지고나가지말기 __ㅇ)/팜올플러스_미나약사의약국해답노트_26강/팜올플러스_미나약사의약국해답노트_5-1_알레르기습진.pdf,팜올플러스_미나약사의약국해답노트_5-1_알레르기습진.pdf,pdf,1280824,1a6e2e06ff493ec70761e2595e119dc76e42ee33291f09dc0e3d5f1f0ea37527,18,6802,false,text_extraction_plus_visual_sampling,true,true,false,required,disabled_until_verified,topic_answer_notes,human_otc,C,candidate_only,증상별 분기·확인 질문·상담카드 주제 목록,검증 전 치료·용량·금기·상호작용·질환 판정,세부 주제 분리가 좋아 카드 인벤토리의 출발점으로 적합.
SRC-122,약사 자료(외부로만 가지고나가지말기 __ㅇ)/팜올플러스_미나약사의약국해답노트_26강/팜올플러스_미나약사의약국해답노트_5-2_무좀.pdf,팜올플러스_미나약사의약국해답노트_5-2_무좀.pdf,pdf,1350086,1ed71f6e64569dd40fc067f7643bea4698b680b895446f0bf1c565dc85b1d03d,17,6116,false,text_extraction_plus_visual_sampling,true,true,false,required,disabled_until_verified,topic_answer_notes,human_otc,C,candidate_only,증상별 분기·확인 질문·상담카드 주제 목록,검증 전 치료·용량·금기·상호작용·질환 판정,세부 주제 분리가 좋아 카드 인벤토리의 출발점으로 적합.
SRC-123,약사 자료(외부로만 가지고나가지말기 __ㅇ)/팜올플러스_미나약사의약국해답노트_26강/팜올플러스_미나약사의약국해답노트_5-3_아이아토피.pdf,팜올플러스_미나약사의약국해답노트_5-3_아이아토피.pdf,pdf,1591750,877fcacd2f6614739496abac6cb0ff158d75ec027839e79f2e2469d3346c9979,20,10995,false,text_extraction_plus_visual_sampling,true,true,false,required,disabled_until_verified,topic_answer_notes,human_otc,C,candidate_only,증상별 분기·확인 질문·상담카드 주제 목록,검증 전 치료·용량·금기·상호작용·질환 판정,세부 주제 분리가 좋아 카드 인벤토리의 출발점으로 적합.
SRC-124,약사 자료(외부로만 가지고나가지말기 __ㅇ)/팜올플러스_미나약사의약국해답노트_26강/팜올플러스_미나약사의약국해답노트_5-4_여드름약.pdf,팜올플러스_미나약사의약국해답노트_5-4_여드름약.pdf,pdf,1695308,1b4d8f4ce55b7ac528bf7b98cfaba299e759f87f2d691d1f5f73f30c048e3123,22,9044,false,text_extraction_plus_visual_sampling,true,true,false,required,disabled_until_verified,topic_answer_notes,human_otc,C,candidate_only,증상별 분기·확인 질문·상담카드 주제 목록,검증 전 치료·용량·금기·상호작용·질환 판정,세부 주제 분리가 좋아 카드 인벤토리의 출발점으로 적합.
